symbol,direction,entry_time,exit_time,entry_price,exit_price,lots,stop_price,pyramid_index,exit_reason,gross_pl,commission,net_pl
XAUUSD.var,long,2014-01-26,2014-01-28,1277.763985319187,1249.0095770412688,0.01,1249.2595770412688,2,stop,-28.754408277918174,0.1,-28.854408277918175
XAUUSD.var,long,2014-01-24,2014-01-30,1267.1685822149677,1237.9523629750538,0.01,1238.2023629750538,1,stop,-29.216219239913926,0.1,-29.316219239913927
XAUUSD.var,long,2014-01-19,2014-03-20,1256.4,1327.3,0.01,1229.2771745000002,0,channel_exit,70.89999999999986,0.1,70.79999999999987
XAUUSD.var,long,2014-02-11,2014-03-20,1289.1572489876874,1327.3,0.01,1258.5252125383531,1,channel_exit,38.1427510123126,0.1,38.0427510123126
XAUUSD.var,long,2014-02-13,2014-03-20,1300.500038198509,1327.3,0.01,1270.002600302985,2,channel_exit,26.79996180149101,0.1,26.699961801491007
XAUUSD.var,short,2014-03-24,2014-04-08,1308.3,1308.64,0.01,1341.6508793900828,0,channel_exit,-0.3400000000001455,0.1,-0.4400000000001455
XAUUSD.var,short,2014-03-27,2014-04-08,1295.9702366373479,1308.64,0.01,1329.09960560442,1,channel_exit,-12.669763362652247,0.1,-12.769763362652247
XAUUSD.var,short,2014-03-31,2014-04-08,1284.2120220242941,1308.64,0.01,1315.8172609924377,2,channel_exit,-24.42797797570597,0.1,-24.527977975705973
XAUUSD.var,long,2014-04-13,2014-04-15,1327.74,1298.6852764659038,0.01,1298.9352764659038,0,stop,-29.054723534096183,0.1,-29.154723534096185
XAUUSD.var,long,2014-05-05,2014-05-11,1310.28,1280.265811332826,0.01,1280.515811332826,0,stop,-30.01418866717404,0.1,-30.11418866717404
XAUUSD.var,short,2014-05-30,2014-06-10,1244.5255141729617,1259.87,0.01,1271.5115983243277,2,channel_exit,-15.34448582703817,0.1,-15.44448582703817
XAUUSD.var,short,2014-05-27,2014-06-10,1264.39,1259.87,0.01,1291.539587871545,0,channel_exit,4.520000000000209,0.1,4.4200000000002095
XAUUSD.var,short,2014-05-29,2014-06-10,1254.551545729724,1259.87,0.01,1281.0374237837934,1,channel_exit,-5.318454270275879,0.1,-5.418454270275879
XAUUSD.var,long,2014-06-30,2014-07-14,1329.4035324768486,1304.5741125385857,0.02,1304.8241125385857,1,stop,-49.65883987652569,0.2,-49.85883987652569
XAUUSD.var,long,2014-06-19,2014-07-14,1320.28,1306.67,0.01,1294.2108902645489,0,channel_exit,-13.6099999999999,0.1,-13.7099999999999
XAUUSD.var,short,2014-07-15,2014-07-17,1293.51,1319.7096777499603,0.01,1319.4596777499603,0,stop,-26.199677749960305,0.1,-26.299677749960306
XAUUSD.var,short,2014-07-31,2014-08-06,1282.15,1308.2765310612099,0.01,1308.0265310612099,0,stop,-26.12653106120979,0.1,-26.22653106120979
XAUUSD.var,short,2014-08-21,2014-10-09,1276.21,1224.32,0.02,1300.2770901296126,0,channel_exit,103.7800000000002,0.2,103.5800000000002
XAUUSD.var,short,2014-09-02,2014-10-09,1267.6339106902294,1224.32,0.02,1290.753482182951,1,channel_exit,86.62782138045895,0.2,86.42782138045895
XAUUSD.var,long,2014-10-15,2014-10-29,1246.0017913329273,1218.3236811117874,0.01,1218.5736811117874,1,stop,-27.678110221139836,0.1,-27.778110221139837
XAUUSD.var,long,2014-10-13,2014-10-29,1235.81,1209.029767067989,0.01,1209.279767067989,0,stop,-26.780232932010904,0.1,-26.880232932010905
XAUUSD.var,short,2014-10-31,2014-11-14,1187.4135336144623,1188.78,0.01,1215.894110642563,1,channel_exit,-1.3664663855377057,0.1,-1.4664663855377058
XAUUSD.var,short,2014-11-02,2014-11-14,1177.0207655482013,1188.78,0.01,1204.9848137248969,2,channel_exit,-11.759234451798648,0.1,-11.859234451798647
XAUUSD.var,short,2014-10-30,2014-11-14,1198.0,1188.78,0.01,1223.604291608527,0,channel_exit,9.220000000000027,0.1,9.120000000000028
XAUUSD.var,long,2014-12-09,2014-12-17,1226.8478341181647,1185.7669431363925,0.01,1186.0169431363925,1,stop,-41.0808909817722,0.1,-41.1808909817722
XAUUSD.var,long,2014-12-01,2014-12-22,1211.63,1170.6660506541214,0.01,1170.9160506541214,0,stop,-40.963949345878746,0.1,-41.06394934587875
XAUUSD.var,long,2015-01-06,2015-01-29,1217.98,1256.52,0.01,1180.9901733185827,0,channel_exit,38.539999999999964,0.1,38.43999999999996
XAUUSD.var,long,2015-01-12,2015-01-29,1230.6929749311755,1256.52,0.01,1196.541708448041,1,channel_exit,25.827025068824472,0.1,25.72702506882447
XAUUSD.var,short,2015-02-06,2015-03-20,1233.08,1182.43,0.01,1273.5090476540333,0,channel_exit,50.649999999999864,0.1,50.54999999999986
XAUUSD.var,short,2015-02-11,2015-03-20,1218.9521745562781,1182.43,0.01,1256.8763757395361,1,channel_exit,36.52217455627806,0.1,36.42217455627806
XAUUSD.var,long,2015-04-05,2015-04-14,1217.9892539743187,1188.1856789917538,0.01,1188.4356789917538,2,stop,-29.803574982564896,0.1,-29.903574982564898
XAUUSD.var,long,2015-03-26,2015-04-24,1207.0004133558568,1175.5659777402388,0.01,1175.8159777402388,1,stop,-31.434435615617986,0.1,-31.534435615617987
XAUUSD.var,long,2015-03-25,2015-04-24,1195.4,1178.93,0.01,1165.2442782993496,0,channel_exit,-16.470000000000027,0.1,-16.57000000000003
XAUUSD.var,long,2015-04-28,2015-04-30,1212.4,1183.7022534957232,0.01,1183.9522534957232,0,stop,-28.697746504276893,0.1,-28.797746504276894
XAUUSD.var,long,2015-05-14,2015-05-26,1226.5054104070546,1197.5909826549089,0.01,1197.8409826549089,1,stop,-28.914427752145684,0.1,-29.014427752145686
XAUUSD.var,long,2015-05-13,2015-05-26,1215.85,1187.0042865766889,0.01,1187.2542865766889,0,stop,-28.845713423311054,0.1,-28.945713423311055
XAUUSD.var,short,2015-06-04,2015-06-18,1176.49,1202.5029007401165,0.01,1202.2529007401165,0,stop,-26.012900740116496,0.1,-26.112900740116498
XAUUSD.var,short,2015-06-05,2015-06-18,1166.8077791113335,1193.1270348144442,0.01,1192.8770348144442,1,stop,-26.319255703110684,0.1,-26.419255703110686
XAUUSD.var,short,2015-07-02,2015-08-10,1165.77,1104.53,0.02,1190.0969815901483,0,channel_exit,122.48000000000002,0.2,122.28000000000002
XAUUSD.var,short,2015-07-07,2015-08-10,1156.7545659426335,1104.53,0.02,1181.0457234289443,1,channel_exit,104.449131885267,0.2,104.24913188526699
XAUUSD.var,long,2015-08-20,2015-09-04,1144.6150989417545,1116.8395857866547,0.01,1117.0895857866547,2,stop,-27.77551315509982,0.1,-27.87551315509982
XAUUSD.var,long,2015-08-19,2015-09-09,1134.386781508592,1107.4420308190133,0.01,1107.6920308190133,1,stop,-26.94475068957877,0.1,-27.04475068957877
XAUUSD.var,long,2015-08-12,2015-09-09,1124.47,1107.36,0.01,1095.9328912685676,0,channel_exit,-17.110000000000127,0.1,-17.21000000000013
XAUUSD.var,long,2015-09-24,2015-09-29,1154.11,1126.9350020461284,0.01,1127.1850020461284,0,stop,-27.174997953871525,0.1,-27.274997953871527
XAUUSD.var,long,2015-10-12,2015-10-28,1163.71,1155.6,0.01,1136.680831801598,0,channel_exit,-8.110000000000127,0.1,-8.210000000000127
XAUUSD.var,long,2015-10-14,2015-10-28,1174.3715309871468,1155.6,0.01,1145.690781688089,1,channel_exit,-18.77153098714689,0.1,-18.87153098714689
XAUUSD.var,long,2015-10-15,2015-10-28,1185.137110424936,1155.928898590831,0.01,1156.178898590831,2,stop,-29.208211834104986,0.1,-29.308211834104988
XAUUSD.var,short,2015-11-01,2015-12-04,1135.619530029209,1086.07,0.01,1162.2174499513185,1,channel_exit,49.54953002920911,0.1,49.44953002920911
XAUUSD.var,short,2015-11-03,2015-12-04,1125.44849963057,1086.07,0.01,1152.821247360274,2,channel_exit,39.378499630570104,0.1,39.2784996305701
XAUUSD.var,short,2015-10-29,2015-12-04,1145.5,1086.07,0.01,1172.9397727668804,0,channel_exit,59.430000000000064,0.1,59.33000000000006
XAUUSD.var,long,2016-01-07,2016-01-14,1102.8868936118022,1077.435177313663,0.02,1077.685177313663,1,stop,-50.90343259627843,0.2,-51.10343259627843
XAUUSD.var,long,2016-01-06,2016-03-14,1093.53,1234.89,0.02,1068.9813512651165,0,channel_exit,282.72000000000025,0.2,282.52000000000027
XAUUSD.var,long,2016-01-26,2016-03-14,1112.3294068931502,1234.89,0.01,1086.8993714762219,1,channel_exit,122.56059310684986,0.1,122.46059310684987
XAUUSD.var,long,2016-01-27,2016-03-14,1121.792919510431,1234.89,0.01,1096.306885864349,2,channel_exit,113.0970804895692,0.1,112.9970804895692
XAUUSD.var,short,2016-03-23,2016-04-11,1219.63,1258.04,0.01,1262.8611758835668,0,channel_exit,-38.409999999999854,0.1,-38.509999999999856
XAUUSD.var,long,2016-04-29,2016-05-19,1293.35,1253.643648951774,0.01,1253.893648951774,0,stop,-39.706351048226,0.1,-39.806351048226
XAUUSD.var,short,2016-05-24,2016-06-06,1226.92,1245.43,0.01,1264.2805695252632,0,channel_exit,-18.50999999999999,0.1,-18.609999999999992
XAUUSD.var,short,2016-05-27,2016-06-06,1213.3768226699792,1245.43,0.01,1249.7419622167017,1,channel_exit,-32.053177330020844,0.1,-32.153177330020846
XAUUSD.var,long,2016-06-15,2016-06-23,1295.1936221357607,1260.8648263722578,0.01,1261.1148263722578,2,stop,-34.32879576350297,0.1,-34.42879576350297
XAUUSD.var,long,2016-06-09,2016-06-23,1269.74,1256.5,0.01,1234.8280277763333,0,channel_exit,-13.24000000000001,0.1,-13.34000000000001
XAUUSD.var,long,2016-06-13,2016-06-23,1282.5078237244472,1256.5,0.01,1248.2102937925881,1,channel_exit,-26.00782372444724,0.1,-26.10782372444724
XAUUSD.var,long,2016-07-06,2016-07-20,1363.33,1319.4157500234924,0.01,1319.6657500234924,0,stop,-43.91424997650756,0.1,-44.014249976507564
XAUUSD.var,long,2016-08-02,2016-08-24,1363.74,1323.77,0.01,1323.705754905673,0,channel_exit,-39.97000000000003,0.1,-40.07000000000003
XAUUSD.var,short,2016-08-30,2016-09-06,1309.0987881286637,1342.7486864522268,0.01,1342.4986864522268,1,stop,-33.64989832356309,0.1,-33.749898323563094
XAUUSD.var,short,2016-08-25,2016-09-06,1321.53,1349.99,0.01,1354.8787879557522,0,channel_exit,-28.460000000000036,0.1,-28.560000000000038
XAUUSD.var,short,2016-10-04,2016-10-19,1268.28,1270.0,0.01,1299.5528974395709,0,channel_exit,-1.7200000000000275,0.1,-1.8200000000000276
XAUUSD.var,short,2016-10-06,2016-10-19,1256.5220193977952,1270.0,0.01,1288.126634337008,1,channel_exit,-13.477980602204752,0.1,-13.577980602204752
XAUUSD.var,short,2016-10-07,2016-10-19,1244.4519378257007,1270.0,0.01,1276.8888220179529,2,channel_exit,-25.548062174299275,0.1,-25.648062174299277
XAUUSD.var,long,2016-11-02,2016-11-09,1298.721676357299,1270.6705394045016,0.01,1270.9205394045016,1,stop,-28.05113695279738,0.1,-28.15113695279738
XAUUSD.var,long,2016-11-01,2016-11-10,1288.39,1261.0582768917925,0.01,1261.3082768917925,0,stop,-27.3317231082076,0.1,-27.431723108207603
XAUUSD.var,long,2016-11-09,2016-11-10,1311.8832037382776,1276.2857973890013,0.01,1276.5357973890013,1,stop,-35.5974063492763,0.1,-35.6974063492763
XAUUSD.var,short,2016-11-11,2016-12-29,1225.43,1158.21,0.01,1265.743209230222,0,channel_exit,67.22000000000003,0.1,67.12000000000003
XAUUSD.var,short,2016-11-17,2016-12-29,1210.9595493825975,1158.21,0.01,1249.7974176956711,1,channel_exit,52.74954938259748,0.1,52.64954938259748
XAUUSD.var,long,2017-01-12,2017-01-26,1203.8052155217729,1188.19,0.01,1172.64502099776,2,channel_exit,-15.615215521772827,0.1,-15.715215521772826
XAUUSD.var,long,2017-01-11,2017-01-26,1192.2138925752681,1188.19,0.01,1161.0468457078862,1,channel_exit,-4.023892575268064,0.1,-4.123892575268064
XAUUSD.var,long,2017-01-05,2017-01-26,1180.62,1188.19,0.01,1148.9637884241133,0,channel_exit,7.570000000000164,0.1,7.470000000000164
XAUUSD.var,long,2017-02-24,2017-03-03,1256.3624886766497,1228.525409370233,0.01,1228.775409370233,2,stop,-27.83707930641663,0.1,-27.93707930641663
XAUUSD.var,long,2017-02-23,2017-03-07,1246.1110839367434,1218.1415267720945,0.01,1218.3915267720945,1,stop,-27.969557164648904,0.1,-28.069557164648906
XAUUSD.var,long,2017-02-06,2017-03-07,1235.81,1215.54,0.01,1205.4692961580051,0,channel_exit,-20.269999999999982,0.1,-20.369999999999983
XAUUSD.var,short,2017-03-10,2017-03-16,1197.6859051411298,1224.6234914314502,0.01,1224.3734914314502,1,stop,-26.937586290320496,0.1,-27.037586290320498
XAUUSD.var,short,2017-03-08,2017-03-20,1207.6,1235.1142784380281,0.01,1234.8642784380281,0,stop,-27.514278438028217,0.1,-27.61427843802822
XAUUSD.var,long,2017-03-27,2017-04-25,1254.51,1263.15,0.01,1228.4868734734666,0,channel_exit,8.6400000000001,0.1,8.5400000000001
XAUUSD.var,long,2017-04-07,2017-04-25,1263.7840406993666,1263.15,0.02,1238.8032655010554,1,channel_exit,-1.268081398733102,0.2,-1.468081398733102
XAUUSD.var,long,2017-04-17,2017-04-25,1273.2387850186358,1263.15,0.01,1247.7761335005848,2,channel_exit,-10.08878501863569,0.1,-10.18878501863569
XAUUSD.var,short,2017-05-09,2017-05-17,1219.335948109491,1245.0416074256407,0.01,1244.7916074256407,2,stop,-25.70565931614965,0.1,-25.80565931614965
XAUUSD.var,short,2017-05-03,2017-05-17,1238.33,1260.73,0.01,1263.7264691844289,0,channel_exit,-22.40000000000009,0.1,-22.500000000000092
XAUUSD.var,short,2017-05-04,2017-05-17,1228.7880703530473,1254.7332160782546,0.01,1254.4832160782546,1,stop,-25.94514572520734,0.1,-26.04514572520734
XAUUSD.var,long,2017-06-02,2017-06-15,1276.72461737332,1251.598971044467,0.02,1251.848971044467,1,stop,-50.25129265770602,0.2,-50.45129265770602
XAUUSD.var,long,2017-05-26,2017-06-15,1267.49,1253.68,0.02,1242.5047292485765,0,channel_exit,-27.61999999999989,0.2,-27.81999999999989
XAUUSD.var,short,2017-06-19,2017-07-17,1243.02,1234.06,0.01,1268.3538812676277,0,channel_exit,8.960000000000036,0.1,8.860000000000037
XAUUSD.var,short,2017-07-03,2017-07-17,1233.6722428269588,1234.06,0.01,1258.8495952884018,1,channel_exit,-0.3877571730411091,0.1,-0.4877571730411091
XAUUSD.var,short,2017-07-04,2017-07-17,1224.5301235125698,1234.06,0.02,1249.1591083509406,2,channel_exit,-19.059752974860203,0.2,-19.259752974860202
XAUUSD.var,long,2017-07-21,2017-09-18,1254.92,1307.04,0.02,1231.0006781305976,0,channel_exit,104.23999999999978,0.2,104.03999999999978
XAUUSD.var,long,2017-07-27,2017-09-18,1263.7740270203337,1307.04,0.02,1239.9132882994438,1,channel_exit,86.53194595933246,0.2,86.33194595933246
XAUUSD.var,short,2017-09-28,2017-10-13,1280.3749269142413,1303.64,0.01,1309.2251218095978,1,channel_exit,-23.265073085758786,0.1,-23.365073085758787
XAUUSD.var,short,2017-10-02,2017-10-13,1269.7838672043442,1298.5266930974035,0.01,1298.2766930974035,2,stop,-28.742825893059265,0.1,-28.842825893059267
XAUUSD.var,short,2017-09-21,2017-10-13,1291.1,1303.64,0.01,1319.2389619619976,0,channel_exit,-12.54000000000019,0.1,-12.640000000000189
XAUUSD.var,long,2017-11-17,2017-12-05,1294.39,1269.3704113221697,0.02,1269.6204113221697,0,stop,-50.03917735566075,0.2,-50.23917735566075
XAUUSD.var,short,2017-12-12,2017-12-18,1237.3386558112031,1262.1889069813283,0.02,1261.9389069813283,1,stop,-49.700502340250296,0.2,-49.9005023402503
XAUUSD.var,short,2017-12-07,2017-12-20,1246.47,1265.69,0.01,1271.8262996589883,0,channel_exit,-19.220000000000027,0.1,-19.32000000000003
XAUUSD.var,long,2017-12-28,2018-02-06,1291.5032349552246,1324.18,0.02,1269.5112750746255,1,channel_exit,65.35353008955099,0.2,65.15353008955098
XAUUSD.var,long,2017-12-26,2018-02-06,1283.35,1324.18,0.02,1260.744698193242,0,channel_exit,81.66000000000031,0.2,81.4600000000003
XAUUSD.var,short,2018-02-07,2018-02-14,1318.11,1347.4439410442283,0.01,1347.1939410442283,0,stop,-29.333941044228368,0.1,-29.43394104422837
XAUUSD.var,short,2018-02-08,2018-02-14,1307.2709085029935,1336.6751524950105,0.01,1336.4251524950105,1,stop,-29.40424399201697,0.1,-29.50424399201697
XAUUSD.var,long,2018-04-11,2018-04-23,1358.8005487418761,1328.5657520968734,0.01,1328.8157520968734,1,stop,-30.23479664500269,0.1,-30.33479664500269
XAUUSD.var,long,2018-03-23,2018-04-23,1347.65,1324.63,0.01,1319.0394682253873,0,channel_exit,-23.019999999999982,0.1,-23.119999999999983
XAUUSD.var,short,2018-04-26,2018-08-24,1316.83,1206.57,0.01,1345.0110327858388,0,channel_exit,110.26,0.1,110.16000000000001
XAUUSD.var,short,2018-05-01,2018-08-24,1306.4418899744655,1206.57,0.01,1334.393516709224,1,channel_exit,99.8718899744656,0.1,99.77188997446561
XAUUSD.var,short,2018-05-15,2018-08-24,1296.4901929474263,1206.57,0.01,1323.2780516861974,2,channel_exit,89.92019294742636,0.1,89.82019294742636
XAUUSD.var,short,2018-09-27,2018-10-02,1182.41,1206.1300494122884,0.02,1205.8800494122884,0,stop,-47.44009882457658,0.2,-47.64009882457658
XAUUSD.var,long,2018-10-11,2018-10-31,1225.15,1214.33,0.01,1198.8781168576995,0,channel_exit,-10.820000000000164,0.1,-10.920000000000163
XAUUSD.var,long,2018-10-23,2018-10-31,1234.4677181998495,1214.33,0.02,1209.3704696669176,1,channel_exit,-40.275436399699174,0.2,-40.47543639969918
XAUUSD.var,short,2018-11-12,2018-11-16,1200.2021780240095,1224.9097032933175,0.02,1224.6597032933175,1,stop,-49.415050538616015,0.2,-49.61505053861602
XAUUSD.var,short,2018-11-09,2018-12-03,1209.28,1234.0847634413767,0.02,1233.8347634413767,0,stop,-49.60952688275347,0.2,-49.809526882753474
XAUUSD.var,long,2018-12-07,2019-02-28,1247.092270037833,1312.95,0.02,1225.0228832702785,1,channel_exit,131.71545992433403,0.2,131.51545992433404
XAUUSD.var,long,2018-12-04,2019-02-28,1238.91,1312.95,0.02,1216.3826368070513,0,channel_exit,148.07999999999993,0.2,147.87999999999994
XAUUSD.var,short,2019-03-04,2019-03-13,1283.9523288145663,1308.0727853090561,0.02,1307.8227853090561,1,stop,-48.240912988979744,0.2,-48.44091298897975
XAUUSD.var,short,2019-03-01,2019-03-20,1292.81,1316.6746910468314,0.02,1316.4246910468314,0,stop,-47.729382093662934,0.2,-47.92938209366294
XAUUSD.var,long,2019-03-25,2019-03-28,1322.37,1298.2461417396466,0.02,1298.4961417396466,0,stop,-48.24771652070649,0.2,-48.44771652070649
XAUUSD.var,short,2019-04-23,2019-05-08,1268.3279066558785,1290.6468222402025,0.02,1290.3968222402025,1,stop,-44.63783116864806,0.2,-44.837831168648066
XAUUSD.var,short,2019-04-16,2019-05-13,1276.51,1300.415351505067,0.02,1300.165351505067,0,stop,-47.81070301013415,0.2,-48.01070301013415
XAUUSD.var,long,2019-05-31,2019-09-09,1305.48,1498.55,0.02,1284.328859152162,0,channel_exit,386.1399999999999,0.2,385.9399999999999
XAUUSD.var,long,2019-06-03,2019-09-09,1313.7780314270424,1498.55,0.02,1291.3999476215963,1,channel_exit,369.54393714591515,0.2,369.34393714591516
XAUUSD.var,short,2019-09-10,2019-09-24,1485.27,1531.695009149272,0.01,1531.445009149272,0,stop,-46.425009149272,0.1,-46.525009149272
XAUUSD.var,short,2019-09-30,2019-10-03,1472.14,1518.0655078349605,0.01,1517.8155078349605,0,stop,-45.9255078349604,0.1,-46.0255078349604
XAUUSD.var,short,2019-11-07,2019-12-03,1468.3,1477.68,0.01,1506.593997232745,0,channel_exit,-9.38000000000011,0.1,-9.480000000000109
XAUUSD.var,short,2019-11-11,2019-12-03,1454.143747186543,1477.68,0.01,1492.1437546890954,1,channel_exit,-23.536252813457168,0.1,-23.63625281345717
XAUUSD.var,long,2019-12-26,2020-03-13,1508.854622802282,1529.51,0.02,1482.2456286628635,1,channel_exit,41.310754395436106,0.2,41.1107543954361
XAUUSD.var,long,2019-12-24,2020-03-13,1498.97,1529.51,0.02,1472.5705324848227,0,channel_exit,61.07999999999992,0.2,60.87999999999992
XAGUSD.var,short,2020-03-12,2020-04-06,16.419544247499285,15.038,0.42,17.635092920834524,1,channel_exit,58.02485839496997,4.2,53.824858394969965
XAGUSD.var,short,2020-03-10,2020-04-06,16.866,15.038,0.44,18.008932048016884,0,channel_exit,80.43199999999997,4.4,76.03199999999997
XAUUSD.var,long,2020-06-22,2020-08-11,1754.85,1912.91,0.01,1701.9954268282895,0,channel_exit,158.06000000000017,0.1,157.96000000000018
XAUUSD.var,long,2020-06-24,2020-08-11,1774.1949664828007,1912.91,0.01,1722.358389195332,1,channel_exit,138.71503351719934,0.1,138.61503351719935
XAGUSD.var,long,2020-05-15,2020-09-21,16.16208198550719,24.684,0.47,15.072863357488018,1,channel_exit,400.53014668116214,4.699999999999999,395.83014668116215
XAGUSD.var,long,2020-04-14,2020-09-21,15.763,24.684,0.36,14.358374212448457,0,channel_exit,321.15600000000006,3.6,317.55600000000004
XAGUSD.var,short,2020-09-24,2020-09-29,21.798292965269905,24.340845057883488,0.21,24.31584505788349,1,stop,-53.39359394488524,2.1,-55.49359394488524
XAGUSD.var,short,2020-09-23,2020-10-09,22.733,25.154,0.22,25.20426536064588,0,channel_exit,-53.261999999999986,2.2,-55.46199999999999
XAGUSD.var,long,2020-11-05,2020-11-23,25.381999999999998,23.40950524116443,0.27,23.43450524116443,0,stop,-53.25735848856029,2.7,-55.957358488560295
XAGUSD.var,short,2020-11-30,2020-12-01,22.034058152230735,23.747903079615444,0.32,23.722903079615445,1,stop,-54.8430376763107,3.2,-58.0430376763107
XAGUSD.var,short,2020-11-27,2020-12-04,22.658,24.36941571303654,0.32,24.34441571303654,0,stop,-54.76530281716919,3.2,-57.965302817169196
XAUUSD.var,long,2021-01-04,2021-01-08,1943.14,1887.6295314006097,0.01,1887.8795314006097,0,stop,-55.510468599390386,0.1,-55.61046859939039
XAGUSD.var,long,2020-12-17,2021-01-08,25.99168396702576,25.381,0.32,24.343526721623725,1,channel_exit,-19.54188694482434,3.2,-22.74188694482434
XAGUSD.var,long,2020-12-16,2021-01-08,25.383,25.381,0.32,23.748992373261014,0,channel_exit,-0.06399999999996453,3.2,-3.2639999999999647
XAGUSD.var,long,2021-02-01,2021-02-02,28.983999999999998,26.821185759079142,0.24,26.84618575907914,0,stop,-51.90754178210053,2.4000000000000004,-54.30754178210053
XAGUSD.var,short,2021-03-04,2021-04-08,25.295,25.468999999999998,0.26,27.2956465388316,0,channel_exit,-4.523999999999894,2.6,-7.123999999999894
XAGUSD.var,short,2021-03-25,2021-04-08,24.672806533075267,25.468999999999998,0.31,26.35698911154123,1,channel_exit,-24.681997474666648,3.1,-27.78199747466665
XAUUSD.var,long,2021-04-08,2021-06-03,1756.24,1870.16,0.01,1705.61708587509,0,channel_exit,113.92000000000007,0.1,113.82000000000008
XAUUSD.var,long,2021-04-16,2021-06-03,1774.9682584954126,1870.16,0.01,1724.7762358409793,1,channel_exit,95.19174150458753,0.1,95.09174150458753
XAGUSD.var,long,2021-04-21,2021-06-16,26.368066785030077,26.867,0.37,24.961555358283196,1,channel_exit,18.460528953887177,3.7,14.760528953887178
XAGUSD.var,long,2021-04-15,2021-06-16,25.849999999999998,26.867,0.36,24.408516898431557,0,channel_exit,36.61200000000011,3.6,33.01200000000011
XAGUSD.var,short,2021-06-17,2021-07-02,25.842000000000002,26.468,0.38,27.240844272127692,0,channel_exit,-23.78799999999991,3.8000000000000003,-27.587999999999912
XAUUSD.var,short,2021-06-17,2021-07-06,1789.6293124166864,1796.91,0.01,1844.227812638856,1,channel_exit,-7.280687583313693,0.1,-7.3806875833136925
XAUUSD.var,short,2021-06-16,2021-07-06,1810.01,1796.91,0.01,1861.3089476022838,0,channel_exit,13.099999999999909,0.1,12.99999999999991
XAGUSD.var,short,2021-07-27,2021-08-04,24.721223644352907,25.87462725941182,0.47,25.84962725941182,1,stop,-54.20996990776891,4.699999999999999,-58.90996990776891
XAUUSD.var,long,2021-07-14,2021-08-06,1828.36,1782.5095471310763,0.01,1782.7595471310763,0,stop,-45.85045286892364,0.1,-45.95045286892364
XAUUSD.var,short,2021-08-09,2021-08-13,1729.34,1778.561739864784,0.01,1778.311739864784,0,stop,-49.22173986478401,0.1,-49.321739864784014
XAGUSD.var,short,2021-07-19,2021-08-27,25.135,24.029999999999998,0.46,26.293729988599225,0,channel_exit,50.83000000000018,4.6000000000000005,46.23000000000018
XAGUSD.var,short,2021-08-06,2021-08-27,24.305506048917103,24.029999999999998,0.47,25.439086303412584,1,channel_exit,12.948784299103938,4.699999999999999,8.248784299103939
XAUUSD.var,long,2021-09-03,2021-09-08,1833.9783817389564,1791.376030435073,0.01,1791.626030435073,1,stop,-42.602351303883324,0.1,-42.702351303883326
XAGUSD.var,long,2021-09-03,2021-09-10,24.703,23.705000000000002,0.46,23.555961649716924,0,channel_exit,-45.90799999999989,4.6000000000000005,-50.50799999999989
XAUUSD.var,long,2021-08-27,2021-09-16,1818.19,1772.9087956489516,0.01,1773.1587956489516,0,stop,-45.28120435104847,0.1,-45.381204351048474
XAUUSD.var,short,2021-09-28,2021-10-08,1733.61,1779.3698012668033,0.01,1779.1198012668033,0,stop,-45.75980126680338,0.1,-45.85980126680338
XAGUSD.var,short,2021-09-16,2021-10-14,22.862000000000002,23.528,0.45,24.02182541063741,0,channel_exit,-29.969999999999857,4.5,-34.46999999999986
XAGUSD.var,short,2021-09-17,2021-10-14,22.427605947460425,23.528,0.45,23.610990087565963,1,channel_exit,-49.51773236428084,4.5,-54.01773236428084
XAGUSD.var,long,2021-10-19,2021-11-02,23.668999999999997,23.493000000000002,0.43,22.46849721778161,0,channel_exit,-7.567999999999778,4.3,-11.867999999999778
XAGUSD.var,long,2021-10-20,2021-11-02,24.119722866165297,23.493000000000002,0.43,22.89279522305783,1,channel_exit,-26.949083245107687,4.3,-31.249083245107688
XAUUSD.var,long,2021-10-22,2021-11-03,1809.7673539218777,1764.767743463537,0.01,1765.017743463537,1,stop,-44.99961045834061,0.1,-45.099610458340614
XAUUSD.var,long,2021-10-13,2021-11-03,1793.08,1769.56,0.01,1747.1289796527217,0,channel_exit,-23.519999999999982,0.1,-23.619999999999983
XAUUSD.var,long,2021-11-10,2021-11-22,1834.9617708288813,1804.49,0.01,1789.533715285198,1,channel_exit,-30.47177082888129,0.1,-30.57177082888129
XAUUSD.var,long,2021-11-05,2021-11-22,1818.02,1804.49,0.01,1773.4495619843321,0,channel_exit,-13.529999999999973,0.1,-13.629999999999972
XAGUSD.var,long,2021-11-11,2021-11-23,25.256,24.057775874971245,0.44,24.082775874971244,0,stop,-52.721861501265224,4.4,-57.12186150126522
XAUUSD.var,short,2021-12-15,2021-12-16,1758.1651042537178,1799.1,0.01,1801.2814929104704,1,channel_exit,-40.93489574628211,0.1,-41.03489574628211
XAUUSD.var,short,2021-11-30,2021-12-16,1774.24,1799.1,0.01,1822.1592407592482,0,channel_exit,-24.8599999999999,0.1,-24.9599999999999
XAGUSD.var,short,2021-11-30,2021-12-22,22.67093910141,22.808,0.44,23.848101497650003,1,channel_exit,-6.030679537960026,4.4,-10.430679537960026
XAGUSD.var,short,2021-11-26,2021-12-22,23.103,22.808,0.45,24.26340431716344,0,channel_exit,13.275000000000079,4.5,8.775000000000079
XAGUSD.var,long,2021-12-28,2022-01-06,23.291698934658104,22.2371684422365,0.5,22.262168442236497,1,stop,-52.72652462108027,5.0,-57.72652462108027
XAUUSD.var,long,2021-12-31,2022-01-06,1828.93,1789.5812975626252,0.01,1789.8312975626252,0,stop,-39.34870243737487,0.1,-39.44870243737487
XAGUSD.var,long,2021-12-23,2022-01-06,22.915,22.146,0.5,21.878603332496834,0,channel_exit,-38.44999999999992,5.0,-43.44999999999992
XAGUSD.var,long,2022-01-19,2022-01-27,23.86696843306814,22.777052611553103,0.48,22.8020526115531,1,stop,-52.31595943272185,4.800000000000001,-57.11595943272185
XAGUSD.var,long,2022-01-18,2022-01-27,23.477,22.721,0.5,22.444299135247327,0,channel_exit,-37.80000000000001,5.0,-42.80000000000001
XAUUSD.var,long,2022-01-19,2022-01-27,1840.8,1801.6274626283118,0.01,1801.8774626283118,0,stop,-39.17253737168812,0.1,-39.272537371688124
XAGUSD.var,long,2022-02-22,2022-03-15,24.108999999999998,24.848000000000003,0.47,23.020399422750067,0,channel_exit,34.7330000000002,4.699999999999999,30.033000000000204
XAGUSD.var,long,2022-02-23,2022-03-15,24.508870205645287,24.848000000000003,0.47,23.417549657257855,1,channel_exit,15.939100334671611,4.699999999999999,11.239100334671612
XAUUSD.var,long,2022-02-11,2022-03-15,1859.35,1917.18,0.01,1819.1929730825802,0,channel_exit,57.83000000000016,0.1,57.73000000000016
XAUUSD.var,long,2022-02-15,2022-03-15,1874.9999281723642,1917.18,0.01,1833.016786379393,1,channel_exit,42.18007182763586,0.1,42.080071827635855
XAGUSD.var,long,2022-04-18,2022-04-21,25.88,24.561134931292617,0.39,24.586134931292616,0,stop,-51.43573767958789,3.9000000000000004,-55.335737679587886
XAGUSD.var,short,2022-04-25,2022-07-28,23.553,20.029,0.38,24.8773571068004,0,channel_exit,133.91200000000003,3.8000000000000003,130.11200000000002
XAGUSD.var,short,2022-04-28,2022-07-28,23.081188481458877,20.029,0.39,24.36435253090187,1,channel_exit,119.03535077689622,3.9000000000000004,115.13535077689622
XAUUSD.var,short,2022-07-06,2022-07-28,1746.220391163129,1756.45,0.01,1798.1226813947844,1,channel_exit,-10.229608836870966,0.1,-10.329608836870966
XAUUSD.var,short,2022-07-05,2022-07-28,1765.59,1756.45,0.01,1815.9487265596372,0,channel_exit,9.139999999999873,0.1,9.039999999999873
XAUUSD.var,long,2022-08-02,2022-08-17,1784.1065394058141,1761.91,0.01,1736.0791009903098,1,channel_exit,-22.196539405814065,0.1,-22.296539405814066
XAUUSD.var,long,2022-07-29,2022-08-17,1766.19,1761.91,0.01,1717.912866021602,0,channel_exit,-4.279999999999973,0.1,-4.379999999999972
XAGUSD.var,long,2022-08-10,2022-08-18,20.782951524035006,19.61574745994165,0.45,19.64074745994165,1,stop,-52.524182884200954,4.5,-57.024182884200954
XAGUSD.var,long,2022-07-29,2022-08-18,20.363999999999997,19.504,0.45,19.209637577485115,0,channel_exit,-38.69999999999982,4.5,-43.19999999999982
XAGUSD.var,short,2022-08-29,2022-09-12,18.62268029000584,19.708199516656936,0.49,19.683199516656938,1,stop,-53.19044210590378,4.9,-58.090442105903776
XAGUSD.var,short,2022-08-19,2022-09-12,19.011000000000003,19.801,0.45,20.14130152860078,0,channel_exit,-35.549999999999805,4.5,-40.049999999999805
XAUUSD.var,short,2022-08-22,2022-10-03,1730.5719293626842,1699.16,0.01,1774.7101177288596,1,channel_exit,31.411929362684077,0.1,31.311929362684076
XAUUSD.var,short,2022-08-19,2022-10-03,1747.03,1699.16,0.01,1791.2212509117637,0,channel_exit,47.86999999999989,0.1,47.76999999999989
XAGUSD.var,long,2022-10-04,2022-10-10,21.19482067102344,19.854632214960937,0.38,19.879632214960935,1,stop,-50.92716133037511,3.8000000000000003,-54.727161330375104
XAGUSD.var,long,2022-10-03,2022-10-11,20.711,19.369959519934206,0.38,19.394959519934204,0,stop,-50.95953824250014,3.8000000000000003,-54.759538242500135
XAGUSD.var,long,2022-11-04,2022-12-30,20.846,23.929000000000002,0.34,19.39387197273327,0,end_of_data,104.82200000000009,3.4000000000000004,101.42200000000008
XAUUSD.var,long,2022-11-04,2022-12-30,1680.76,1823.8,0.01,1626.123372710974,0,end_of_data,143.03999999999996,0.1,142.93999999999997
XAUUSD.var,long,2022-11-14,2022-12-30,1701.16783603483,1823.8,0.01,1646.4969399419501,1,end_of_data,122.63216396516987,0.1,122.53216396516987
XAGUSD.var,long,2022-11-08,2022-12-30,21.393934266728085,23.929000000000002,0.34,19.90777622211986,1,end_of_data,86.1922349312452,3.4000000000000004,82.79223493124519
